{"california_housing_train": {"shape": [16512, 17], "aspect ratio": 0.0010295542635658916, "density": 0.7647058823529411, "rank": 17, "coherence": 0.7013521479541571, "coherence_ratio": 4261.367287716145}, "YearPredictionMSD": {"shape": [515344, 91], "aspect ratio": 0.0001765810798224099, "density": 0.9999999147054318, "rank": 91, "coherence": 0.038918651703415436, "coherence_ratio": 2608.684590170286}, "slice": {"shape": [53500, 386], "aspect ratio": 0.007214953271028037, "density": 0.3537918260616919, "rank": 6, "coherence": 0.0005029976322848262, "coherence_ratio": 57.54296198671006}, "susy": {"shape": [4999999, 19], "aspect ratio": 3.800000760000152e-06, "density": 0.9602732025809563, "rank": 19, "coherence": 0.0007968547911343055, "coherence_ratio": 1790.967823918685}, "census": {"shape": [5048299, 10], "aspect ratio": 1.9808652379742166e-06, "density": 0.4035274059638702, "rank": 6, "coherence": 3.5485104883225954e-06, "coherence_ratio": 59.43775062986233}, "rucci": {"shape": [1977885, 109898], "aspect ratio": 0.05556339220935494, "density": 3.5843264962892436e-05, "rank": 6, "coherence": 0.06373307097513717, "coherence_ratio": 7.469591861269402e+98}, "rail2586": {"shape": [923269, 2584], "aspect ratio": 0.0027987509599044264, "density": 0.0033444491674583386, "rank": 6, "coherence": 5.461415161065955e-05, "coherence_ratio": 7.177145235211537e+37}}