{"california_housing_train": {"shape": [16512, 17], "aspect ratio": 0.0010295542635658916, "density": 0.7647058823529411, "rank": 17, "coherence": 0.7013521479541571, "coherence_ratio": 4261.367287716145}, "YearPredictionMSD": {"shape": [515344, 91], "aspect ratio": 0.0001765810798224099, "density": 0.9999999147054318, "rank": 91, "coherence": 0.038918651703415436, "coherence_ratio": 2608.684590170286}, "slice": {"shape": [53500, 387], "aspect ratio": 0.0072336448598130845, "density": 0.35546161462484, "rank": 387, "coherence": 0.9999999999999969, "coherence_ratio": 910.015735081667}, "susy": {"shape": [4999999, 19], "aspect ratio": 3.800000760000152e-06, "density": 0.9602732025809563, "rank": 19, "coherence": 0.0007968547911343055, "coherence_ratio": 1790.967823918685}, "census": {"shape": [5048299, 12], "aspect ratio": 2.37703828556906e-06, "density": 0.5027592132188156, "rank": 12, "coherence": 6.5122049269791e-05, "coherence_ratio": 65.71901801966551}, "rucci": {}, "rail2586": {}}